initial_symbols	gene_symbols_(primaries)	ensembl_ids	description
SSC1	SSC1	YJR045C	Hsp70 family ATPase; constituent of the import motor component of the Translocase of the Inner Mitochondrial membrane (TIM23 complex); involved in protein translocation and folding; subunit of SceI endonuclease; SSC1 has a paralog, ECM10, that arose from the whole genome duplication [Source:SGD;Acc:S000003806]
RPN3	RPN3	YER021W	Essential non-ATPase regulatory subunit of the 26S proteasome lid; similar to the p58 subunit of the human 26S proteasome; temperature-sensitive alleles cause metaphase arrest, suggesting a role for the proteasome in cell cycle control [Source:SGD;Acc:S000000823]
CPR5	CPR5	YDR304C	Peptidyl-prolyl cis-trans isomerase (cyclophilin) of the ER; catalyzes the cis-trans isomerization of peptide bonds N-terminal to proline residues; transcriptionally induced in response to unfolded proteins in the ER; CPR5 has a paralog, CPR2, that arose from the whole genome duplication [Source:SGD;Acc:S000002712]
CPR6	CPR6	YLR216C	Peptidyl-prolyl cis-trans isomerase (cyclophilin); catalyzes the cis-trans isomerization of peptide bonds N-terminal to proline residues; plays a role in determining prion variants; binds to Hsp82p and contributes to chaperone activity; protein abundance increases in response to DNA replication stress [Source:SGD;Acc:S000004206]
RVB2	RVB2	YPL235W	ATP-dependent DNA helicase, also known as reptin; member of the AAA+ and RuvB protein families, similar to Rvb1p; conserved component of multiple complexes including the INO80 complex, the Swr1 complex, and the R2TP complex (Rvb1-Rvb2-Tah1-Pih1); involved in multiple processes such as chromatin remodeling, box C/D snoRNP assembly, and RNA polymerase II assembly [Source:SGD;Acc:S000006156]
PNG1	PNG1	YPL096W	Conserved peptide N-glycanase; deglycosylating enzyme that cleaves N-glycans that are attached to misfolded ERAD substrate glycoproteins prior to proteasome-dependent degradation; localizes to the cytoplasm and nucleus; activity is enhanced by interaction with Rad23p; human ortholog NGLY1 is associated with a syndrome characterized by developmental delays, epilepsy, absence of tears and liver disease [Source:SGD;Acc:S000006017]
RPN8	RPN8	YOR261C	Essential non-ATPase regulatory subunit of the 26S proteasome; has similarity to the human p40 proteasomal subunit and to another S. cerevisiae regulatory subunit, Rpn11p [Source:SGD;Acc:S000005787]
ATG4	ATG4	YNL223W	Conserved cysteine protease required for autophagy; cleaves Atg8p to a form required for autophagosome and Cvt vesicle generation [Source:SGD;Acc:S000005167]
SSE1	SSE1	YPL106C	ATPase component of heat shock protein Hsp90 chaperone complex; serves as nucleotide exchange factor to load ATP onto the SSA class of cytosolic Hsp70s; plays a role in prion propagation and determining prion variants; binds unfolded proteins; member of Hsp110 subclass of HSP70 proteins; deletion results in spindle elongation in S phase; SSE1 has a paralog, SSE2, that arose from the whole genome duplication [Source:SGD;Acc:S000006027]
HUL4	HUL4	YJR036C	Protein with similarity to hect domain E3 ubiquitin-protein ligases; not essential for viability; found in association with Trf4 in TRAMP complex [Source:SGD;Acc:S000003797]
RPT3	RPT3	YDR394W	ATPase of the 19S regulatory particle of the 26S proteasome; one of ATPases of the regulatory particle; involved in the degradation of ubiquitinated substrates; substrate of N-acetyltransferase B [Source:SGD;Acc:S000002802]
KAR2	KAR2	YJL034W	ATPase involved in protein import into the ER; also acts as a chaperone to mediate protein folding in the ER and may play a role in ER export of soluble proteins; regulates the unfolded protein response via interaction with Ire1p [Source:SGD;Acc:S000003571]
RPN6	RPN6	YDL097C	Essential, non-ATPase regulatory subunit of the 26S proteasome lid; required for the assembly and activity of the 26S proteasome; the human homolog (S9 protein) partially rescues Rpn6p depletion; protein abundance increases in response to DNA replication stress [Source:SGD;Acc:S000002255]
POR1	POR1	YNL055C	Mitochondrial porin (voltage-dependent anion channel); outer membrane protein required for maintenance of mitochondrial osmotic stability and mitochondrial membrane permeability; couples the glutathione pools of the intermembrane space (IMS) and the cytosol; interacts with Om45 and Om14 in the outer membrane; phosphorylated; protein abundance increases in response to DNA replication stress [Source:SGD;Acc:S000005000]
RPN9	RPN9	YDR427W	Non-ATPase regulatory subunit of the 26S proteasome; similar to putative proteasomal subunits in other species; null mutant is temperature sensitive and exhibits cell cycle and proteasome assembly defects; protein abundance increases in response to DNA replication stress; relocalizes to the cytosol in response to hypoxia [Source:SGD;Acc:S000002835]
PRE2	PRE2	YPR103W	Beta 5 subunit of the 20S proteasome; responsible for the chymotryptic activity of the proteasome [Source:SGD;Acc:S000006307]
ROT2	ROT2	YBR229C	Glucosidase II catalytic subunit; required to trim the final glucose in N-linked glycans; required for normal cell wall synthesis; mutations in rot2 suppress tor2 mutations, and are synthetically lethal with rot1 mutations [Source:SGD;Acc:S000000433]
RPN11	RPN11	YFR004W	Metalloprotease subunit of 19S regulatory particle; part of 26S proteasome lid; couples the deubiquitination and degradation of proteasome substrates; involved, independent of catalytic activity, in fission of mitochondria and peroxisomes; protein abundance increases in response to DNA replication stress [Source:SGD;Acc:S000001900]
TCP1	TCP1	YDR212W	Alpha subunit of chaperonin-containing T-complex; complex mediates protein folding in the cytosol; involved in actin cytoskeleton maintenance; overexpression in neurons suppresses formation of pathogenic conformations of huntingtin protein [Source:SGD;Acc:S000002620]
HSP82	HSP82	YPL240C	Hsp90 chaperone; redundant in function with Hsc82p; required for pheromone signaling, negative regulation of Hsf1p; docks with Tom70p for mitochondrial preprotein delivery; promotes telomerase DNA binding, nucleotide addition; protein abundance increases in response to DNA replication stress; contains two acid-rich unstructured regions that promote solubility of chaperone-substrate complexes; HSP82 has a paralog, HSC82, that arose from the whole genome duplication [Source:SGD;Acc:S000006161]
AHA1	AHA1	YDR214W	Co-chaperone that binds Hsp82p and activates its ATPase activity; plays a role in determining prion variants; similar to Hch1p; expression is regulated by stresses such as heat shock; protein abundance increases in response to DNA replication stress [Source:SGD;Acc:S000002622]
CCT4	CCT4	YDL143W	Subunit of the cytosolic chaperonin Cct ring complex; related to Tcp1p, required for the assembly of actin and tubulins in vivo [Source:SGD;Acc:S000002302]
RPT5	RPT5	YOR117W	ATPase of the 19S regulatory particle of the 26S proteasome; one of six ATPases of the regulatory particle; involved in the degradation of ubiquitinated substrates; recruited to the GAL1-10 promoter region upon induction of transcription; similar to human TBP1 [Source:SGD;Acc:S000005643]
UFD1	UFD1	YGR048W	Substrate-recruiting cofactor of the Cdc48p-Npl4p-Ufd1p segregase; polyubiquitin binding protein that assists in the dislocation of misfolded, ERAD substrates that are subsequently delivered to the proteasome for degradation; involved in regulated destruction of ER membrane proteins such as HMG-CoA reductase (Hmg1/2p) and cytoplasmic proteins (Fbp1p); involved in mobilizing membrane bound transcription factors by regulated Ub/proteasome-dependent processing (RUP) [Source:SGD;Acc:S000003280]
SUI2	SUI2	YJR007W	Alpha subunit of the translation initiation factor eIF2; eIF2 is involved in identification of the start codon; phosphorylation of Ser51 is required for regulation of translation by inhibiting the exchange of GDP for GTP; protein abundance increases in response to DNA replication stress [Source:SGD;Acc:S000003767]
SEM1	SEM1	YDR363W-A	19S proteasome regulatory particle lid subcomplex component; role in Ub-dependent proteolysis and proteasome stability; involved in TREX-2 mediated mRNA export, and in the prevention of transcription-associated genome instability; ubiquitinated by Nedd4-like E3-ligase, Rsp5p; human ortholog DSS1, a BRCA1 binding protein implicated in cancer, complements the yeast null; drives trinucleotide repeat expansion; protein abundance increases in response to DNA replication stress [Source:SGD;Acc:S000007235]
ATG10	ATG10	YLL042C	Conserved E2-like conjugating enzyme; mediates formation of the Atg12p-Atg5p conjugate, which is a critical step in autophagy [Source:SGD;Acc:S000003965]
YME1	YME1	YPR024W	Catalytic subunit of i-AAA protease complex; complex is located in mitochondrial inner membrane; responsible for degradation of unfolded or misfolded mitochondrial gene products; serves as nonconventional translocation motor to pull PNPase into intermembrane space; also has role in intermembrane space protein folding; mutation causes elevated rate of mitochondrial turnover; human homolog YME1L1 can complement yeast null mutant [Source:SGD;Acc:S000006228]
RPT6	RPT6	YGL048C	ATPase of the 19S regulatory particle of the 26S proteasome; one of six ATPases of the regulatory particle; involved in the degradation of ubiquitinated substrates; bound by ubiquitin-protein ligases Ubr1p and Ufd4p; localized mainly to the nucleus throughout the cell cycle; protein abundance increases in response to DNA replication stress [Source:SGD;Acc:S000003016]
FPR1	FPR1	YNL135C	Peptidyl-prolyl cis-trans isomerase (PPIase); binds to the drugs FK506 and rapamycin; also binds to the nonhistone chromatin binding protein Hmo1p and may regulate its assembly or function; N-terminally propionylated in vivo; mutation is functionally complemented by human FKBP1A [Source:SGD;Acc:S000005079]
RPT1	RPT1	YKL145W	ATPase of the 19S regulatory particle of the 26S proteasome; one of six ATPases of the regulatory particle; involved in the degradation of ubiquitinated substrates; required for optimal CDC20 transcription; interacts with Rpn12p and Ubr1p; mutant has aneuploidy tolerance [Source:SGD;Acc:S000001628]
WBP1	WBP1	YEL002C	Beta subunit of the oligosaccharyl transferase glycoprotein complex; required for N-linked glycosylation of proteins in the endoplasmic reticulum; human homolog DDOST can complement yeast growth defect during down-regulation of yeast gene [Source:SGD;Acc:S000000728]
KRE5	KRE5	YOR336W	Protein required for beta-1,6 glucan biosynthesis; mutations result in aberrant morphology and severe growth defects [Source:SGD;Acc:S000005863]
NPL4	NPL4	YBR170C	Substrate-recruiting cofactor of the Cdc48p-Npl4p-Ufd1p segregase; assists Cdc48p in the dislocation of misfolded, polyubiquitinated ERAD substrates that are subsequently delivered to the proteasome for degradation; also involved in the regulated destruction of resident ER membrane proteins, such as HMG-CoA reductase (Hmg1/2p) and cytoplasmic proteins (Fbp1p); role in mobilizing membrane bound transcription factors by regulated ubiquitin/proteasome-dependent processing (RUP) [Source:SGD;Acc:S000000374]
POR2	POR2	YIL114C	Putative mitochondrial porin (voltage-dependent anion channel); not required for mitochondrial membrane permeability or mitochondrial osmotic stability; POR2 has a paralog, POR1, that arose from the whole genome duplication [Source:SGD;Acc:S000001376]
FPR2	FPR2	YDR519W	Membrane-bound peptidyl-prolyl cis-trans isomerase (PPIase); binds to the drugs FK506 and rapamycin; expression pattern suggests possible involvement in ER protein trafficking; relocalizes from nucleus to vacuole upon DNA replication stress; mutation is functionally complemented by human FKBP2 [Source:SGD;Acc:S000002927]
RPT4	RPT4	YOR259C	ATPase of the 19S regulatory particle of the 26S proteasome; one of six ATPases of the regulatory particle; involved in degradation of ubiquitinated substrates; contributes preferentially to ERAD; required for spindle pole body duplication; mainly nuclear localization [Source:SGD;Acc:S000005785]
ATG5	ATG5	YPL149W	Conserved protein involved in autophagy and the Cvt pathway; undergoes conjugation with Atg12p to form a complex involved in Atg8p lipidation; Atg5p-Atg12p conjugate enhances E2 activity of Atg3 by rearranging its catalytic site, also forms a complex with Atg16p; the Atg5-Atg12/Atg16 complex binds to membranes and is essential for autophagosome formation; also involved in methionine restriction extension of chronological lifespan in an autophagy-dependent manner [Source:SGD;Acc:S000006070]
MNS1	MNS1	YJR131W	Alpha-1,2-mannosidase; involved in ER-associated protein degradation (ERAD); catalyzes the removal of one mannose residue from a glycosylated protein, converting the modification from Man9GlcNAc to Man8GlcNAc; catalyzes the last step in glycoprotein maturation in the ER and is critical for ER protein degradation [Source:SGD;Acc:S000003892]
HCH1	HCH1	YNL281W	Heat shock protein regulator; binds to Hsp90p and may stimulate ATPase activity; originally identified as a high-copy number suppressor of a HSP90 loss-of-function mutation; role in regulating Hsp90 inhibitor drug sensitivity; GFP-fusion protein localizes to the cytoplasm and nucleus; protein abundance increases in response to DNA replication stress [Source:SGD;Acc:S000005225]
RPN7	RPN7	YPR108W	Essential non-ATPase regulatory subunit of the 26S proteasome; similar to another S. cerevisiae regulatory subunit, Rpn5p, as well as to mammalian proteasome subunits [Source:SGD;Acc:S000006312]
SSB1	SSB1	YDL229W	Cytoplasmic ATPase that is a ribosome-associated molecular chaperone; functions with J-protein partner Zuo1p; may be involved in folding of newly-made polypeptide chains; member of the HSP70 family; interacts with phosphatase subunit Reg1p; SSB1 has a paralog, SSB2, that arose from the whole genome duplication [Source:SGD;Acc:S000002388]
DJP1	DJP1	YIR004W	Cytosolic J-domain-containing protein; required for peroxisomal protein import and involved in peroxisome assembly; facilitates import of Mim1p and Mim2p into the mitochondrial outer membrane; homologous to E. coli DnaJ [Source:SGD;Acc:S000001443]
ISU2	ISU2	YOR226C	Mitochondrial protein required for iron-sulfur protein synthesis; performs scaffolding function during Fe/S cluster assembly; involved in Fe-S cluster assembly for both mitochondrial and cytosolic proteins; protein abundance increases under DNA replication stress; ISU2 has a paralog, ISU1, that arose from the whole genome duplication; isu1 isu2 double mutant is inviable; human homolog ISCU implicated in mitochondrial myopathy, can complement isu1 isu2 double mutant [Source:SGD;Acc:S000005752]
PRE6	PRE6	YOL038W	Alpha 4 subunit of the 20S proteasome; may replace alpha 3 subunit (Pre9p) under stress conditions to create a more active proteasomal isoform; GFP-fusion protein relocates from cytosol to the mitochondrial surface upon oxidative stress [Source:SGD;Acc:S000005398]
CCT2	CCT2	YIL142W	Subunit beta of the cytosolic chaperonin Cct ring complex; related to Tcp1p, required for the assembly of actin and tubulins in vivo [Source:SGD;Acc:S000001404]
IKS1	IKS1	YJL057C	Protein kinase of unknown cellular role; putative serine/threonine kinase; expression is induced during mild heat stress; deletion mutants are hypersensitive to copper sulphate and resistant to sorbate; interacts with an N-terminal fragment of Sst2p [Source:SGD;Acc:S000003593]
HSP10	HSP10	YOR020C	Mitochondrial matrix co-chaperonin; inhibits the ATPase activity of Hsp60p, a mitochondrial chaperonin; involved in protein folding and sorting in the mitochondria; 10 kD heat shock protein with similarity to E. coli groES [Source:SGD;Acc:S000005546]
ATG3	ATG3	YNR007C	E2-like enzyme; involved in autophagy and cytoplasm-to-vacuole targeting (Cvt) pathway; plays a role in formation of Atg8p-phosphatidylethanolamine conjugates, which are involved in membrane dynamics during autophagy and Cvt; interaction with Atg8p regulated by acetylation by NuA4 histone acetyltransferase Esa1p while attenuation of Atg3 acetylation is mediated by histone deacetylase Rpd3p; Atg12p-Atg5p conjugate enhances E2 activity of Atg3p by rearranging its catalytic site [Source:SGD;Acc:S000005290]
HOS2	HOS2	YGL194C	Histone deacetylase and subunit of Set3 and Rpd3L complexes; required for gene activation via specific deacetylation of lysines in H3 and H4 histone tails; subunit of the Set3 complex, a meiotic-specific repressor of sporulation specific genes that contains deacetylase activity; co-localizes with Cmr1p in nuclear foci in response to DNA damage by MMS [Source:SGD;Acc:S000003162]
YOS9	YOS9	YDR057W	ER quality-control lectin; integral subunit of the HRD ligase; participates in efficient ER retention of misfolded proteins by recognizing them and delivering them to Hrd1p; binds to glycans with terminal alpha-1,6 linked mannose on misfolded N-glycosylated proteins and participates in targeting proteins to ERAD; member of the OS-9 protein family [Source:SGD;Acc:S000002464]
PUP1	PUP1	YOR157C	Beta 2 subunit of the 20S proteasome; endopeptidase with trypsin-like activity that cleaves after basic residues; synthesized as a proprotein before being proteolytically processed for assembly into 20S particle; human homolog is subunit Z [Source:SGD;Acc:S000005683]
CCT3	CCT3	YJL014W	Subunit of the cytosolic chaperonin Cct ring complex; related to Tcp1p, required for the assembly of actin and tubulins in vivo; capable of binding Q/N rich proteins and mediating their folding [Source:SGD;Acc:S000003551]
NAS2	NAS2	YIL007C	Evolutionarily conserved 19S regulatory particle assembly-chaperone; involved in assembly of the base subcomplex of the 19S proteasomal regulatory particle (RP); non-essential gene; interacts with Rpn4p; protein abundance increases in response to DNA replication stress; ortholog of human p27 [Source:SGD;Acc:S000001269]
HSC82	HSC82	YMR186W	Cytoplasmic chaperone of the Hsp90 family; plays a role in determining prion variants; redundant in function and nearly identical with Hsp82p, and together they are essential; expressed constitutively at 10-fold higher basal levels than HSP82 and induced 2-3 fold by heat shock; contains two acid-rich unstructured regions that promote the solubility of chaperone-substrate complexes; HSC82 has a paralog, HSP82, that arose from the whole genome duplication [Source:SGD;Acc:S000004798]
OST2	OST2	YOR103C	Epsilon subunit of the oligosaccharyltransferase complex; located in the ER lumen; catalyzes asparagine-linked glycosylation of newly synthesized proteins [Source:SGD;Acc:S000005629]
SSE2	SSE2	YBR169C	Member of Hsp110 subclass of the heat shock protein 70 (HSP70) family; serves as nucleotide exchange factor to load ATP onto the SSA class of cytosolic Hsp70s; may be involved in protein folding; localized to the cytoplasm; SSE2 has a paralog, SSE1, that arose from the whole genome duplication [Source:SGD;Acc:S000000373]
HSP60	HSP60	YLR259C	Tetradecameric mitochondrial chaperonin; required for ATP-dependent folding of precursor polypeptides and complex assembly; prevents aggregation and mediates protein refolding after heat shock; role in mtDNA transmission; phosphorylated [Source:SGD;Acc:S000004249]
SIS1	SIS1	YNL007C	Type II HSP40 co-chaperone that interacts with the HSP70 protein Ssa1p; shuttles between cytosol and nucleus; mediates delivery of misfolded proteins into the nucleus for degradation; involved in proteasomal degradation of misfolded cytosolic proteins; protein abundance increases in response to DNA replication stress; polyQ aggregates sequester Sis1p and interfere with clearance of misfolded proteins; similar to bacterial DnaJ proteins and mammalian DnaJB1 [Source:SGD;Acc:S000004952]
RPL40B	RPL40B	YKR094C	Ubiquitin-ribosomal 60S subunit protein L40B fusion protein; cleaved to yield ubiquitin and ribosomal protein L40B; ubiquitin may facilitate assembly of the ribosomal protein into ribosomes; homologous to mammalian ribosomal protein L40, no bacterial homolog; RPL40B has a paralog, RPL40A, that arose from the whole genome duplication [Source:SGD;Acc:S000001802]
RPN14	RPN14	YGL004C	Evolutionarily conserved 19S regulatory particle assembly-chaperone; proteasome-interacting protein involved in the assembly of the base subcomplex of the 19S proteasome regulatory particle (RP); null mutants accumulate ubiquitinated Gcn4p and display decreased 26S proteasome stability; interacts with Rpt5p [Source:SGD;Acc:S000002972]
SOD2	SOD2	YHR008C	Mitochondrial manganese superoxide dismutase; protects cells against oxygen toxicity and oxidative stress; human mitochondrial SOD2 can complement a yeast null mutant and human cytoplasmic SOD1 can also complement when targeted to the mitochondrial matrix [Source:SGD;Acc:S000001050]
RPT2	RPT2	YDL007W	ATPase of the 19S regulatory particle of the 26S proteasome; one of six ATPases of the regulatory particle; involved in the degradation of ubiquitinated substrates; required for normal peptide hydrolysis by the core 20S particle; N-myristoylation of Rpt2p at Gly2 is involved in regulating the proper intracellular distribution of proteasome activity by controlling the nuclear localization of the 26S proteasome [Source:SGD;Acc:S000002165]
RPN12	RPN12	YFR052W	Subunit of the 19S regulatory particle of the 26S proteasome lid; synthetically lethal with RPT1, which is an ATPase component of the 19S regulatory particle; physically interacts with Nob1p and Rpn3p; protein abundance increases in response to DNA replication stress [Source:SGD;Acc:S000001948]
RPN1	RPN1	YHR027C	Non-ATPase base subunit of the 19S RP of the 26S proteasome; may participate in the recognition of several ligands of the proteasome; contains a leucine-rich repeat (LRR) domain, a site for protein-protein interactions; RP is the acronym for regulatory particle [Source:SGD;Acc:S000001069]
ATG18	ATG18	YFR021W	Phosphoinositide binding protein; required for vesicle formation in autophagy and the cytoplasm-to-vacuole targeting (Cvt) pathway; binds both phosphatidylinositol (3,5)-bisphosphate and phosphatidylinositol 3-phosphate; WD-40 repeat protein; relocalizes from vacuole to cytoplasm upon DNA replication stress; has 4 mammalian homologs WIPI1, WIPI2, WIPI3 and WIPI4/WDR45; mutations in human WDR45 cause static encephalopathy of childhood with neurodegeneration in adulthood [Source:SGD;Acc:S000001917]
MNL1	MNL1	YHR204W	Alpha-1,2-specific exomannosidase of the endoplasmic reticulum; involved in glycan trimming of both folded and misfolded glycoproteins; complexes with Pdi1p, and trims a mannose from Man8GlcNac2 glycans to generate Man7GlcNac2, an oligosaccharide signal on glycoproteins destined for ER-associated protein degradation; requires Pdi1p for stability and substrate recognition; human homolog EDEM1 can complement yeast null mutant [Source:SGD;Acc:S000001247]
STT3	STT3	YGL022W	Subunit of the oligosaccharyltransferase complex of the ER lumen; complex catalyzes asparagine-linked glycosylation of newly synthesized proteins; forms a subcomplex with Ost3p and Ost4p and is directly involved in catalysis [Source:SGD;Acc:S000002990]
UBC7	UBC7	YMR022W	Ubiquitin conjugating enzyme; involved in the ER-associated protein degradation (ERAD) pathway and in the inner nuclear membrane-associated degradation (INMAD) pathway; requires Cue1p for recruitment to the ER membrane; proposed to be involved in chromatin assembly [Source:SGD;Acc:S000004624]
SNX4	SNX4	YJL036W	Sorting nexin; involved in retrieval of late-Golgi SNAREs from post-Golgi endosomes to the trans-Golgi network and in cytoplasm to vacuole transport; contains a PX phosphoinositide-binding domain; forms complexes with Snx41p and with Atg20p [Source:SGD;Acc:S000003573]
YDJ1	YDJ1	YNL064C	Type I HSP40 co-chaperone; involved in regulation of HSP90 and HSP70 functions; acts as an adaptor that helps Rsp5p recognize cytosolic misfolded proteins for ubiquitination after heat shock; critical for determining cell size at Start as a function of growth rate; involved in protein translocation across membranes; member of the DnaJ family; chimeric protein in which human p58IPK J domain replaces yeast Ydj1p J domain can complement yeast ydj1 mutant [Source:SGD;Acc:S000005008]
SSZ1	SSZ1	YHR064C	Hsp70 protein that interacts with Zuo1p (a DnaJ homolog); interacts with Zuo1p to form a ribosome-associated complex that binds the ribosome via the Zuo1p subunit; also involved in pleiotropic drug resistance via sequential activation of PDR1 and PDR5; binds ATP [Source:SGD;Acc:S000001106]
DFM1	DFM1	YDR411C	Endoplasmic reticulum (ER) localized protein; involved in ER-associated protein degradation (ERAD), ER stress, and homeostasis; interacts with components of ERAD-L and ERAD-C and Cdc48p; derlin-like family member similar to Der1p [Source:SGD;Acc:S000002819]
HSF1	HSF1	YGL073W	Trimeric heat shock transcription factor; activates multiple genes in response to highly diverse stresses; recognizes variable heat shock elements (HSEs) consisting of inverted NGAAN repeats; monitors translational status of cell through an RQC (Ribosomal Quality Control)-mediated translation-stress signal; involved in diauxic shift; posttranslationally regulated; human homolog HSF1 with linker region mutations can complement yeast hsf1 mutant [Source:SGD;Acc:S000003041]
PRE3	PRE3	YJL001W	Beta 1 subunit of the 20S proteasome; responsible for cleavage after acidic residues in peptides [Source:SGD;Acc:S000003538]
PAM18	PAM18	YLR008C	Subunit of the import motor (PAM complex); the PAM complex is a component of the Translocase of the Inner Mitochondrial membrane (TIM23 complex); essential J-protein cochaperone that stimulates Ssc1p ATPase activity to drive import; inhibited by Pam16p [Source:SGD;Acc:S000003998]
RPN2	RPN2	YIL075C	Subunit of the 26S proteasome; substrate of the N-acetyltransferase Nat1p; protein abundance increases in response to DNA replication stress [Source:SGD;Acc:S000001337]
HUL5	HUL5	YGL141W	Multiubiquitin chain assembly factor (E4); proteasome processivity factor that elongates polyUb chains on substrates, opposing Ubp6p, a branched polyubiquitin protease; required for retrograde transport of misfolded proteins during ERAD; required for ubiquitination of a subset of cytosolic misfolded proteins upon heat shock [Source:SGD;Acc:S000003109]
ECM10	ECM10	YEL030W	Heat shock protein of the Hsp70 family; localized in mitochondrial nucleoids, plays a role in protein translocation, interacts with Mge1p in an ATP-dependent manner; overexpression induces extensive mitochondrial DNA aggregations; ECM10 has a paralog, SSC1, that arose from the whole genome duplication [Source:SGD;Acc:S000000756]
PUP2	PUP2	YGR253C	Alpha 5 subunit of the 20S proteasome; involved in ubiquitin-dependent catabolism; human homolog is subunit zeta [Source:SGD;Acc:S000003485]
SSA1	SSA1	YAL005C	ATPase involved in protein folding and NLS-directed nuclear transport; member of HSP70 family; required for ubiquitin-dependent degradation of short-lived proteins; forms chaperone complex with Ydj1p; localized to nucleus, cytoplasm, cell wall; 98% identical to paralog Ssa2p with different functional specificity in propagation of yeast [URE3] prions, vacuolar-mediated degradations of gluconeogenesis enzymes; general targeting factor of Hsp104p to prion fibrils [Source:SGD;Acc:S000000004]
SIL1	SIL1	YOL031C	Nucleotide exchange factor for the ER lumenal Hsp70 chaperone Kar2p; required for protein translocation into the endoplasmic reticulum (ER); homolog of Yarrowia lipolytica SLS1; GrpE-like protein [Source:SGD;Acc:S000005391]
PUP3	PUP3	YER094C	Beta 3 subunit of the 20S proteasome; involved in ubiquitin-dependent catabolism; human homolog is subunit C10 [Source:SGD;Acc:S000000896]
ZIM17	ZIM17	YNL310C	Protein co-chaperone with a zinc finger motif; essential for protein import into mitochondria; may act with Pam18p to facilitate recognition and folding of imported proteins by Ssc1p (mtHSP70) in the mitochondrial matrix; required for the maintenance of Ssc1p solubility and assists in the functional interaction of Ssc1p with substrate proteins [Source:SGD;Acc:S000005254]
EUG1	EUG1	YDR518W	Protein disulfide isomerase of the endoplasmic reticulum lumen; EUG1 has a paralog, PDI1, that arose from the whole genome duplication; function overlaps with that of Pdi1p; may interact with nascent polypeptides in the ER [Source:SGD;Acc:S000002926]
CDC48	CDC48	YDL126C	AAA ATPase; subunit of polyUb-selective segregase complex involved in ERAD, INM-associated degradation (INMAD), mitotic spindle disassembly, macroautophagy, PMN, ribosome-associated degradation, ribophagy, homotypic ER membrane fusion, SCF complex disassembly, cell wall integrity during heat stress, and telomerase regulation; mobilizes membrane-anchored transcription factors by regulated Ub/proteasome-dependent processing (RUP); human ortholog VCP complements a cdc48 mutant [Source:SGD;Acc:S000002284]
SOD1	SOD1	YJR104C	Cytosolic copper-zinc superoxide dismutase; detoxifies superoxide; stabilizes Yck1p and Yck2p kinases in glucose to repress respiration; phosphorylated by Dun1p, enters nucleus under oxidative stress to promote transcription of stress response genes; human ortholog SOD1 implicated in ALS complements a null allele; abundance increases under DNA replication stress and during exposure to boric acid; localization to mitochondrial intermembrane space is modulated by MICOS complex [Source:SGD;Acc:S000003865]
CDC53	CDC53	YDL132W	Cullin; structural protein of SCF complexes (which also contain Skp1p, Cdc34p, Hrt1p and an F-box protein) involved in ubiquitination; SCF promotes the G1-S transition by targeting G1 cyclins and the Cln-CDK inhibitor Sic1p for degradation; human homolog CUL1 can complement yeast cdc53 null mutant [Source:SGD;Acc:S000002290]
DIC1	DIC1	YLR348C	Mitochondrial dicarboxylate carrier; integral membrane protein, catalyzes a dicarboxylate-phosphate exchange across the inner mitochondrial membrane, transports cytoplasmic dicarboxylates into the mitochondrial matrix [Source:SGD;Acc:S000004340]
PRE10	PRE10	YOR362C	Alpha 7 subunit of the 20S proteasome; protein abundance increases in response to DNA replication stress [Source:SGD;Acc:S000005889]
ATG7	ATG7	YHR171W	Autophagy-related protein and dual specificity member of the E1 family; mediates the attachment of Atg12p to Atg5p and Atg8p to phosphatidylethanolamine which are required steps in autophagosome formation; E1 enzymes are also known as ubiquitin-activating enzymes; involved in methionine restriction extension of chronological lifespan in an autophagy-dependent manner [Source:SGD;Acc:S000001214]
HRD3	HRD3	YLR207W	ER membrane protein that plays a central role in ERAD; forms HRD complex with Hrd1p and ER-associated protein degradation (ERAD) determinants that engages in lumen to cytosol communication and coordination of ERAD events [Source:SGD;Acc:S000004197]
SSA4	SSA4	YER103W	Heat shock protein that is highly induced upon stress; plays a role in SRP-dependent cotranslational protein-membrane targeting and translocation; member of the HSP70 family; cytoplasmic protein that concentrates in nuclei upon starvation; SSA4 has a paralog, SSA3, that arose from the whole genome duplication [Source:SGD;Acc:S000000905]
PIM1	PIM1	YBL022C	ATP-dependent Lon protease; involved in degradation of misfolded proteins in mitochondria; required for biogenesis and maintenance of mitochondria [Source:SGD;Acc:S000000118]
OST1	OST1	YJL002C	Alpha subunit of the oligosaccharyltransferase complex of the ER lumen; complex catalyzes asparagine-linked glycosylation of newly synthesized proteins [Source:SGD;Acc:S000003539]
HDA1	HDA1	YNL021W	Putative catalytic subunit of a class II histone deacetylase complex; role in azole resistance via Hsp90p, and in the heat shock response; Hda1p interacts with the Hda2p-Hda3p subcomplex to form an active tetramer; deletion increases histone H2B, H3 and H4 acetylation; other members of the HDA1 histone deacetylase complex are Hda2p and Hda3p [Source:SGD;Acc:S000004966]
CNE1	CNE1	YAL058W	Calnexin; integral membrane ER chaperone involved in folding and quality control of glycoproteins; chaperone activity is inhibited by Mpd1p, with which Cne1p interacts; 24% identical to mammalian calnexin; Ca+ binding not yet shown in yeast [Source:SGD;Acc:S000000054]
SPC110	SPC110	YDR356W	Inner plaque spindle pole body (SPB) component; ortholog of human kendrin; gamma-tubulin small complex (gamma-TuSC) receptor that interacts with Spc98p to recruit the complex to the nuclear side of the SPB, connecting nuclear microtubules to the SPB; promotes gamma-TuSC assembly and oligomerization to initiate microtubule nucleation; interacts with Tub4p-complex and calmodulin; phosphorylated by Mps1p in cell cycle-dependent manner [Source:SGD;Acc:S000002764]
PRE4	PRE4	YFR050C	Beta 7 subunit of the 20S proteasome [Source:SGD;Acc:S000001946]
RPN5	RPN5	YDL147W	Subunit of the CSN and 26S proteasome lid complexes; similar to mammalian p55 subunit and to another S. cerevisiae regulatory subunit, Rpn7p; Rpn5p is an essential protein; the COP9 signalosome is also known as the CSN [Source:SGD;Acc:S000002306]
HOS1	HOS1	YPR068C	Class I histone deacetylase (HDAC) family member; deacetylates Smc3p on lysine residues at anaphase onset; has sequence similarity to Hda1p, Rpd3p, Hos2p, and Hos3p; interacts with the Tup1p-Ssn6p corepressor complex [Source:SGD;Acc:S000006272]
SCL1	SCL1	YGL011C	Alpha 1 subunit of the 20S proteasome; involved in the degradation of ubiquitinated substrates; 20S proteasome is the core complex of the 26S proteasome; essential for growth; detected in the mitochondria [Source:SGD;Acc:S000002979]
MDJ2	MDJ2	YNL328C	Constituent of the mitochondrial import motor; associated with the presequence translocase; function overlaps with that of Pam18p; stimulates the ATPase activity of Ssc1p to drive mitochondrial import; contains a J domain [Source:SGD;Acc:S000005272]
DNM1	DNM1	YLL001W	Dynamin-related GTPase involved in mitochondrial organization; required for mitochondrial fission and inheritance; self assembles on the cytoplasmic face of mitochondrial tubules at sites where division will occur; participates in endocytosis and regulates peroxisome fission along with Vps1p; mutants in the human ortholog DNM1L, which mediates mitochondrial fission, peroxisomal division, autophagy, and mitophagy, are associated with slowly progressive infantile encephalopathy [Source:SGD;Acc:S000003924]
PRE7	PRE7	YBL041W	Beta 6 subunit of the 20S proteasome [Source:SGD;Acc:S000000137]
UBC6	UBC6	YER100W	Ubiquitin-conjugating enzyme involved in ERAD; located at the cytosolic side of the ER membrane; tail region contains a transmembrane segment at the C-terminus; substrate of the ubiquitin-proteasome pathway; ER-associated protein degradation is also known as ERAD [Source:SGD;Acc:S000000902]
PRE1	PRE1	YER012W	Beta 4 subunit of the 20S proteasome; localizes to the nucleus throughout the cell cycle [Source:SGD;Acc:S000000814]
GCN2	GCN2	YDR283C	Protein kinase; phosphorylates the alpha-subunit of translation initiation factor eIF2 (Sui2p) in response to starvation; activated by uncharged tRNAs and the Gcn1p-Gcn20p complex; contributes to DNA damage checkpoint control [Source:SGD;Acc:S000002691]
ATG9	ATG9	YDL149W	Transmembrane protein involved in forming Cvt and autophagic vesicles; cycles between the phagophore assembly site (PAS) and other cytosolic punctate structures, not found in autophagosomes; may be involved in membrane delivery to the PAS [Source:SGD;Acc:S000002308]
ATG2	ATG2	YNL242W	Peripheral membrane protein required for autophagic vesicle formation; also required for vesicle formation during pexophagy and the cytoplasm-to-vaucole targeting (Cvt) pathway; involved in Atg9p cycling between the phagophore assembly site and mitochondria; contains an APT1 domain that binds phosphatidylinositol-3-phosphate; essential for cell cycle progression from G2/M to G1 under nitrogen starvation; forms cytoplasmic foci upon DNA replication stress [Source:SGD;Acc:S000005186]
ERO1	ERO1	YML130C	Thiol oxidase required for oxidative protein folding in the ER; essential for maintaining ER redox balance; feedback regulated via reduction and oxidation of regulatory bonds; reduced Pdi1p activates Ero1p by direct reduction of Ero1p regulatory bonds; depletion of thiol substrates and accumulation of oxidized Pdi1p results in inactivation of Ero1p by both Pdi1p-mediated oxidation and autonomous oxidation of Ero1p regulatory bonds; ero1-1 mutation complemented by human ERO1L [Source:SGD;Acc:S000004599]
ATG8	ATG8	YBL078C	Component of autophagosomes and Cvt vesicles; regulator of Atg1p, targets it to autophagosomes; binds the Atg1p-Atg13p complex, triggering its vacuolar degradation; unique ubiquitin-like protein whose conjugation target is lipid phosphatidylethanolamine (PE); Atg8p-PE is anchored to membranes, is involved in phagophore expansion, and may mediate membrane fusion during autophagosome formation; deconjugation of Atg8p-PE is required for efficient autophagosome biogenesis [Source:SGD;Acc:S000000174]
PDI1	PDI1	YCL043C	Protein disulfide isomerase; multifunctional oxidoreductase of the ER lumen, essential for disulfide bond formation in secretory and cell-surface proteins, processing of non-native disulfide bonds; Ero1p activator; complexes with exomannosidase, Mnl1p to facilitate the recognition of misfolded glycoproteins and the trimming of glycan Man8GlcNAc2 to Man7GlcNAc2 on substrates, thereby accelerating ERAD; PDI1 has a paralog, EUG1, that arose from the whole genome duplication [Source:SGD;Acc:S000000548]
ISU1	ISU1	YPL135W	Conserved protein of the mitochondrial matrix; performs a scaffolding function during assembly of iron-sulfur clusters, interacts physically and functionally with yeast frataxin (Yfh1p); ISU1 has a paralog, ISU2, that arose from the whole genome duplication; isu1 isu2 double mutant is inviable; human homolog ISCU implicated in mitochondrial myopathy, can complement isu1 isu2 double mutant [Source:SGD;Acc:S000006056]
MDJ1	MDJ1	YFL016C	Co-chaperone that stimulates HSP70 protein Ssc1p ATPase activity; involved in protein folding/refolding in the mitochodrial matrix; required for proteolysis of misfolded proteins; member of the HSP40 (DnaJ) family of chaperones [Source:SGD;Acc:S000001878]
MPD1	MPD1	YOR288C	Member of the protein disulfide isomerase (PDI) family; interacts with and inhibits the chaperone activity of Cne1p; MPD1 overexpression in a pdi1 null mutant suppresses defects in Pdi1p functions such as carboxypeptidase Y maturation [Source:SGD;Acc:S000005814]
IRE1	IRE1	YHR079C	Serine-threonine kinase and endoribonuclease; transmembrane protein that mediates the unfolded protein response (UPR) by regulating Hac1p synthesis through HAC1 mRNA splicing; role in homeostatic adaptation to ER stress; Kar2p binds inactive Ire1p and releases from it upon ER stress [Source:SGD;Acc:S000001121]
PRE5	PRE5	YMR314W	Alpha 6 subunit of the 20S proteasome; protein abundance increases in response to DNA replication stress [Source:SGD;Acc:S000004931]
NAS6	NAS6	YGR232W	Evolutionarily conserved 19S regulatory particle assembly-chaperone; proteasome-interacting protein involved in the assembly of the base subcomplex of the 19S proteasomal regulatory particle (RP); ortholog of human oncoprotein gankyrin, also known as p28, which interacts with the Rb tumor suppressor and CDK4/6 [Source:SGD;Acc:S000003464]
VPS30	VPS30	YPL120W	Subunit of phosphatidylinositol (PtdIns) 3-kinase complexes I and II; Complex I is essential in autophagy, Complex II is required for vacuolar protein sorting; required for overflow degradation of misfolded proteins when ERAD is saturated; C-terminus has novel globular fold essential for autophagy through the targeting of the PI3-kinase complex I to the pre-autophagosomal structure; ortholog of higher eukaryote gene Beclin 1; human BECN1 can complement yeast null mutant [Source:SGD;Acc:S000006041]
NFS1	NFS1	YCL017C	Cysteine desulfurase; involved in iron-sulfur cluster (Fe/S) biogenesis and in thio-modification of mitochondrial and cytoplasmic tRNAs; essential protein located predominantly in mitochondria [Source:SGD;Acc:S000000522]
EPS1	EPS1	YIL005W	ER protein with chaperone and co-chaperone activity; involved in retention of resident ER proteins; has a role in recognizing proteins targeted for ER-associated degradation (ERAD), member of the protein disulfide isomerase family [Source:SGD;Acc:S000001267]
JAC1	JAC1	YGL018C	Specialized J-protein that functions in Fe-S cluster biogenesis; functions with Hsp70 in Fe-S cluster biogenesis in mitochondria; involved in iron metabolism; contains a J domain typical to J-type chaperones; localizes to the mitochondrial matrix [Source:SGD;Acc:S000002986]
CPR2	CPR2	YHR057C	Peptidyl-prolyl cis-trans isomerase (cyclophilin); catalyzes the cis-trans isomerization of peptide bonds N-terminal to proline residues; potential role in the secretory pathway; seamless-GFP and mCherry fusion proteins localize to the vacuole, while SWAT-GFP fusion localizes to both the endoplasmic reticulum and vacuole; suppresses toxicity of slow-folding human Z-type alpha1-antitrypsin variant associated with liver cirrhosis and emphysema [Source:SGD;Acc:S000001099]
RPN10	RPN10	YHR200W	Non-ATPase base subunit of the 19S RP of the 26S proteasome; N-terminus plays a role in maintaining the structural integrity of the regulatory particle (RP); binds selectively to polyubiquitin chains; homolog of the mammalian S5a protein [Source:SGD;Acc:S000001243]
RVB1	RVB1	YDR190C	ATP-dependent DNA helicase, also known as pontin; member of the AAA+ and RuvB-like protein families; similar to Rvb2p; conserved component of multiple complexes including the INO80 complex, the Swr1 complex, and the R2TP complex (Rvb1-Rvb2-Tah1-Pih1); involved in multiple processes such as chromatin remodeling, box C/D snoRNP assembly, and RNA polymerase II assembly [Source:SGD;Acc:S000002598]
PRE9	PRE9	YGR135W	Alpha 3 subunit of the 20S proteasome; the only nonessential 20S subunit; may be replaced by the alpha 4 subunit (Pre6p) under stress conditions to create a more active proteasomal isoform [Source:SGD;Acc:S000003367]
RPD3	RPD3	YNL330C	Histone deacetylase, component of both the Rpd3S and Rpd3L complexes; regulates transcription, silencing, autophagy and other processes by influencing chromatin remodeling; forms at least two different complexes which have distinct functions and members; Rpd3(L) recruitment to the subtelomeric region is regulated by interaction with the arginine methyltransferase, Hmt1p [Source:SGD;Acc:S000005274]
ATG1	ATG1	YGL180W	Protein serine/threonine kinase; required for vesicle formation in autophagy and the cytoplasm-to-vacuole targeting (Cvt) pathway; structurally required for phagophore assembly site formation; during autophagy forms a complex with Atg13p and Atg17p; essential for cell cycle progression from G2/M to G1 under nitrogen starvation [Source:SGD;Acc:S000003148]
SKT5	SKT5	YBL061C	Activator of Chs3p (chitin synthase III) during vegetative growth; recruits Chs3p to the bud neck via interaction with Bni4p; SKT5 has a paralog, SHC1, that arose from the whole genome duplication [Source:SGD;Acc:S000000157]
FPR3	FPR3	YML074C	Nucleolar peptidyl-prolyl cis-trans isomerase (PPIase); FK506 binding protein; affects expression of multiple genes via its role in nucleosome assembly; phosphorylated by casein kinase II (Cka1p-Cka2p-Ckb1p-Ckb2p) and dephosphorylated by Ptp1p; PPIase domain acts as a transcriptional repressor when tethered to DNA by lexA, and repressor activity is dependent on PPIase activity; FPR3 has a paralog, FPR4, that arose from the whole genome duplication [Source:SGD;Acc:S000004539]
UBP6	UBP6	YFR010W	Ubiquitin-specific protease; situated in the base subcomplex of the 26S proteasome, releases free ubiquitin from branched polyubiquitin chains en bloc, rather than from the distal tip of the chain; negatively regulates degradation of ubiquitinated proteins by the proteasome; works in opposition to Hul5p polyubiquitin elongation activity; mutant has aneuploidy tolerance; human homolog UBP14 complements yeast null mutant [Source:SGD;Acc:S000001906]
ERG2	ERG2	YMR202W	C-8 sterol isomerase; catalyzes isomerization of delta-8 double bond to delta-7 position at an intermediate step in ergosterol biosynthesis; transcriptionally down-regulated when ergosterol is in excess; mutation is functionally complemented by human EBP [Source:SGD;Acc:S000004815]
SSA2	SSA2	YLL024C	HSP70 family ATP-binding protein; involved in protein folding, vacuolar import of proteins; required for ubiquitin-dependent degradation of short-lived proteins; associated with chaperonin-containing T-complex; 98% identical to paralog Ssa1p with distinct functional specificity in propagation of yeast [URE3] prions and vacuolar-mediated degradation of gluconeogenesis enzymes; binds tRNA, has role in tRNA nuclear import during starvation [Source:SGD;Acc:S000003947]
UBI4	UBI4	YLL039C	Ubiquitin; becomes conjugated to proteins, marking them for selective degradation via the ubiquitin-26S proteasome system; essential for the cellular stress response; encoded as a polyubiquitin precursor comprised of 5 head-to-tail repeats; protein abundance increases in response to DNA replication stress [Source:SGD;Acc:S000003962]
RPL40A	RPL40A	YIL148W	Ubiquitin-ribosomal 60S subunit protein L40A fusion protein; cleaved to yield ubiquitin and ribosomal protein L40A; ubiquitin may facilitate assembly of the ribosomal protein into ribosomes; homologous to mammalian ribosomal protein L40, no bacterial homolog; RPL40A has a paralog, RPL40B, that arose from the whole genome duplication; relative distribution to the nucleus increases upon DNA replication stress [Source:SGD;Acc:S000001410]
PRE8	PRE8	YML092C	Alpha 2 subunit of the 20S proteasome [Source:SGD;Acc:S000004557]
UBC5	UBC5	YDR059C	Ubiquitin-conjugating enzyme; mediates selective degradation of short-lived, abnormal, or excess proteins, including histone H3; central component of the cellular stress response; expression is heat inducible; protein abundance increases in response to DNA replication stress; UBC5 has a paralog, UBC4, that arose from the whole genome duplication [Source:SGD;Acc:S000002466]
HRD1	HRD1	YOL013C	Ubiquitin-protein ligase involved in ER-associated degradation (ERAD) of misfolded proteins; upon autoubiquitination triggers retrotranslocation of misfolded proteins to cytosol for degradation; genetically linked to the unfolded protein response (UPR); regulated through association with Hrd3p; contains an H2 ring finger; likely plays a general role in targeting proteins that persistently associate with and potentially obstruct the ER-localized translocon [Source:SGD;Acc:S000005373]
